training,Drowsy,Drowsy_Video1,26
training,Drowsy,Drowsy_Video2,26
training,Drowsy,Drowsy_Video3,26
training,Drowsy,Drowsy_Video4,26
training,Drowsy,Drowsy_Video5,26
training,Drowsy,Drowsy_Video6,26
training,Drowsy,Drowsy_Video7,26
training,Drowsy,Drowsy_Video8,26
training,Drowsy,Drowsy_Video9,26
training,Drowsy,Drowsy_Video10,26
training,Drowsy,Drowsy_Video11,26
training,Drowsy,Drowsy_Video12,26
training,Drowsy,Drowsy_Video13,26
training,Drowsy,Drowsy_Video14,26
training,Drowsy,Drowsy_Video15,26
training,Alert,Alert_Video1,26
training,Alert,Alert_Video2,26
training,Alert,Alert_Video3,26
training,Alert,Alert_Video4,26
training,Alert,Alert_Video5,26
training,Alert,Alert_Video6,26
training,Alert,Alert_Video7,26
training,Alert,Alert_Video8,26
training,Alert,Alert_Video9,26
training,Alert,Alert_Video10,26
training,Alert,Alert_Video11,26
training,Alert,Alert_Video12,26
training,Alert,Alert_Video13,26
training,Alert,Alert_Video14,26
training,Alert,Alert_Video15,26
training,Alert,Test_Alert1,26
training,Alert,Test_Alert2,26
training,Alert,Test_Alert3,26
training,Alert,Test_Alert4,26
testing,Alert,Test_Alert5,26
testing,Alert,Test_Alert6,26
testing,Alert,Test_Alert7,26
testing,Alert,Test_Alert8,26
testing,Alert,Test_Alert9,26
training,Alert,Test_Alert10,26
training,Drowsy,Test_Drowsy1,26
training,Drowsy,Test_Drowsy2,26
training,Drowsy,Test_Drowsy3,26
training,Drowsy,Test_Drowsy4,26
training,Drowsy,Test_Drowsy5,26
testing,Drowsy,Test_Drowsy6,26
testing,Drowsy,Test_Drowsy7,26
testing,Drowsy,Test_Drowsy8,26
testing,Drowsy,Test_Drowsy9,26
testing,Drowsy,Test_Drowsy10,26